id;name;first_name;birth_date;birth_country;birth_city;photo;photo_content_type;parent_key
1;Refined Plastic Chicken forecast bypass;Pink;2021-01-06;Agent;Branding Operations;../fake-data/blob/hipster.png;image/png;Berkshire Cedi
2;payment Credit Card Account;Lexi;2021-01-06;Sleek Granite Chips;HDD;../fake-data/blob/hipster.png;image/png;didactic visionary Upgradable
3;payment;Fiona;2021-01-06;optical Maine Fantastic Plastic Tuna;Bedfordshire Intelligent Steel Tuna;../fake-data/blob/hipster.png;image/png;Facilitator bluetooth secured line
4;Practical Coordinator Papua New Guinea;Amir;2021-01-05;Gorgeous Plastic Fish Bacon;Kentucky indigo Pants;../fake-data/blob/hipster.png;image/png;Advanced
5;Facilitator Money Market Account;Benjamin;2021-01-05;Indiana;Directives;../fake-data/blob/hipster.png;image/png;Cordoba Oro Azerbaijanian Manat mint green
6;hack;Emily;2021-01-06;District input;Buckinghamshire;../fake-data/blob/hipster.png;image/png;B2B
7;Malaysia Gorgeous;Dianna;2021-01-05;Home Loan Account Cook Islands;fresh-thinking SDD Computer;../fake-data/blob/hipster.png;image/png;payment efficient
8;global Bedfordshire;Matilda;2021-01-05;mobile Nauru;Profound Iowa;../fake-data/blob/hipster.png;image/png;Avon Cayman Islands Dollar
9;copy Mews transmitting;Lonzo;2021-01-06;Cyprus Unbranded;Cotton;../fake-data/blob/hipster.png;image/png;Home Loan Account
10;white;Danielle;2021-01-06;calculate Rustic Steel Bike Borders;Buckinghamshire magenta metrics;../fake-data/blob/hipster.png;image/png;bluetooth
